-- MySQL dump 10.16  Distrib 10.1.30-MariaDB, for debian-linux-gnu (x86_64)
--
-- Host: localhost    Database: larablog
-- ------------------------------------------------------
-- Server version	10.1.30-MariaDB-0ubuntu0.17.10.1

/*!40101 SET @OLD_CHARACTER_SET_CLIENT=@@CHARACTER_SET_CLIENT */;
/*!40101 SET @OLD_CHARACTER_SET_RESULTS=@@CHARACTER_SET_RESULTS */;
/*!40101 SET @OLD_COLLATION_CONNECTION=@@COLLATION_CONNECTION */;
/*!40101 SET NAMES utf8mb4 */;
/*!40103 SET @OLD_TIME_ZONE=@@TIME_ZONE */;
/*!40103 SET TIME_ZONE='+00:00' */;
/*!40014 SET @OLD_UNIQUE_CHECKS=@@UNIQUE_CHECKS, UNIQUE_CHECKS=0 */;
/*!40014 SET @OLD_FOREIGN_KEY_CHECKS=@@FOREIGN_KEY_CHECKS, FOREIGN_KEY_CHECKS=0 */;
/*!40101 SET @OLD_SQL_MODE=@@SQL_MODE, SQL_MODE='NO_AUTO_VALUE_ON_ZERO' */;
/*!40111 SET @OLD_SQL_NOTES=@@SQL_NOTES, SQL_NOTES=0 */;

--
-- Table structure for table `jobs`
--

DROP TABLE IF EXISTS `jobs`;
/*!40101 SET @saved_cs_client     = @@character_set_client */;
/*!40101 SET character_set_client = utf8 */;
CREATE TABLE `jobs` (
  `id` bigint(20) unsigned NOT NULL AUTO_INCREMENT,
  `queue` varchar(255) COLLATE utf8_unicode_ci NOT NULL,
  `payload` longtext COLLATE utf8_unicode_ci NOT NULL,
  `attempts` tinyint(3) unsigned NOT NULL,
  `reserved` tinyint(3) unsigned NOT NULL,
  `reserved_at` int(10) unsigned DEFAULT NULL,
  `available_at` int(10) unsigned NOT NULL,
  `created_at` int(10) unsigned NOT NULL,
  PRIMARY KEY (`id`),
  KEY `jobs_queue_reserved_reserved_at_index` (`queue`,`reserved`,`reserved_at`)
) ENGINE=InnoDB DEFAULT CHARSET=utf8 COLLATE=utf8_unicode_ci;
/*!40101 SET character_set_client = @saved_cs_client */;

--
-- Dumping data for table `jobs`
--

LOCK TABLES `jobs` WRITE;
/*!40000 ALTER TABLE `jobs` DISABLE KEYS */;
/*!40000 ALTER TABLE `jobs` ENABLE KEYS */;
UNLOCK TABLES;

--
-- Table structure for table `migrations`
--

DROP TABLE IF EXISTS `migrations`;
/*!40101 SET @saved_cs_client     = @@character_set_client */;
/*!40101 SET character_set_client = utf8 */;
CREATE TABLE `migrations` (
  `migration` varchar(255) COLLATE utf8_unicode_ci NOT NULL,
  `batch` int(11) NOT NULL
) ENGINE=InnoDB DEFAULT CHARSET=utf8 COLLATE=utf8_unicode_ci;
/*!40101 SET character_set_client = @saved_cs_client */;

--
-- Dumping data for table `migrations`
--

LOCK TABLES `migrations` WRITE;
/*!40000 ALTER TABLE `migrations` DISABLE KEYS */;
INSERT INTO `migrations` VALUES ('2014_10_12_000000_create_users_table',1),('2015_08_09_103451_create_posts_table',1),('2015_08_09_191934_create_tags_table',1),('2015_08_09_192021_create_post_tag_pivot',1),('2015_08_09_204639_restructure_posts_table',1),('2015_08_10_064237_create_jobs_table',1);
/*!40000 ALTER TABLE `migrations` ENABLE KEYS */;
UNLOCK TABLES;

--
-- Table structure for table `post_tag_pivot`
--

DROP TABLE IF EXISTS `post_tag_pivot`;
/*!40101 SET @saved_cs_client     = @@character_set_client */;
/*!40101 SET character_set_client = utf8 */;
CREATE TABLE `post_tag_pivot` (
  `id` int(10) unsigned NOT NULL AUTO_INCREMENT,
  `post_id` int(10) unsigned NOT NULL,
  `tag_id` int(10) unsigned NOT NULL,
  PRIMARY KEY (`id`),
  KEY `post_tag_pivot_post_id_index` (`post_id`),
  KEY `post_tag_pivot_tag_id_index` (`tag_id`)
) ENGINE=InnoDB AUTO_INCREMENT=19 DEFAULT CHARSET=utf8 COLLATE=utf8_unicode_ci;
/*!40101 SET character_set_client = @saved_cs_client */;

--
-- Dumping data for table `post_tag_pivot`
--

LOCK TABLES `post_tag_pivot` WRITE;
/*!40000 ALTER TABLE `post_tag_pivot` DISABLE KEYS */;
INSERT INTO `post_tag_pivot` VALUES (1,1,4),(2,1,3),(3,2,1),(4,2,4),(5,3,5),(6,3,4),(7,5,1),(8,5,3),(9,7,1),(10,9,3),(11,10,5),(12,10,2),(13,11,4),(14,13,2),(15,15,3),(16,18,4),(17,19,2),(18,19,4);
/*!40000 ALTER TABLE `post_tag_pivot` ENABLE KEYS */;
UNLOCK TABLES;

--
-- Table structure for table `posts`
--

DROP TABLE IF EXISTS `posts`;
/*!40101 SET @saved_cs_client     = @@character_set_client */;
/*!40101 SET character_set_client = utf8 */;
CREATE TABLE `posts` (
  `id` int(10) unsigned NOT NULL AUTO_INCREMENT,
  `slug` varchar(255) COLLATE utf8_unicode_ci NOT NULL,
  `title` varchar(255) COLLATE utf8_unicode_ci NOT NULL,
  `subtitle` varchar(255) COLLATE utf8_unicode_ci NOT NULL,
  `content_raw` text COLLATE utf8_unicode_ci NOT NULL,
  `content_html` text COLLATE utf8_unicode_ci NOT NULL,
  `page_image` varchar(255) COLLATE utf8_unicode_ci NOT NULL,
  `meta_description` varchar(255) COLLATE utf8_unicode_ci NOT NULL,
  `is_draft` tinyint(1) NOT NULL,
  `layout` varchar(255) COLLATE utf8_unicode_ci NOT NULL DEFAULT 'blog.layouts.post',
  `created_at` timestamp NOT NULL DEFAULT '0000-00-00 00:00:00',
  `updated_at` timestamp NOT NULL DEFAULT '0000-00-00 00:00:00',
  `published_at` timestamp NOT NULL DEFAULT '0000-00-00 00:00:00',
  PRIMARY KEY (`id`),
  UNIQUE KEY `posts_slug_unique` (`slug`),
  KEY `posts_published_at_index` (`published_at`)
) ENGINE=InnoDB AUTO_INCREMENT=21 DEFAULT CHARSET=utf8 COLLATE=utf8_unicode_ci;
/*!40101 SET character_set_client = @saved_cs_client */;

--
-- Dumping data for table `posts`
--

LOCK TABLES `posts` WRITE;
/*!40000 ALTER TABLE `posts` DISABLE KEYS */;
INSERT INTO `posts` VALUES (1,'incidunt-eum-iste-officia-distinctio-labore-cupiditate-ut-est-amet-possimus','Incidunt eum iste officia distinctio labore cupiditate ut est amet possimus.','Ut dolor est nihil ea in sed voluptas cumque distinctio asperiores aut est consequatur.','Vero sunt eos neque. Sed saepe adipisci inventore facilis eaque dolores. Animi eligendi soluta magni nemo non et qui. Laboriosam facere dignissimos voluptas quisquam architecto tempora.\n\nVel exercitationem consequatur laboriosam quis hic. Velit aut molestiae ut libero. Delectus voluptatem id qui ab aut ullam occaecati. In et provident sit et rem praesentium qui.\n\nSunt rerum recusandae occaecati ab explicabo voluptatem suscipit. Ut rem optio inventore libero voluptas laudantium sit. Laboriosam nisi in quia ipsa nesciunt illum.\n\nPariatur velit blanditiis est officia vel in. Qui beatae perspiciatis possimus nemo. Quasi dolores aut optio.\n\nEa dolores rerum atque aspernatur. Voluptatem eligendi error veniam alias eaque odio expedita. Voluptatem a ullam aut nesciunt ex est adipisci. Qui atque doloribus blanditiis eaque ut iusto.','<p>Vero sunt eos neque. Sed saepe adipisci inventore facilis eaque dolores. Animi eligendi soluta magni nemo non et qui. Laboriosam facere dignissimos voluptas quisquam architecto tempora.</p>\n\n<p>Vel exercitationem consequatur laboriosam quis hic. Velit aut molestiae ut libero. Delectus voluptatem id qui ab aut ullam occaecati. In et provident sit et rem praesentium qui.</p>\n\n<p>Sunt rerum recusandae occaecati ab explicabo voluptatem suscipit. Ut rem optio inventore libero voluptas laudantium sit. Laboriosam nisi in quia ipsa nesciunt illum.</p>\n\n<p>Pariatur velit blanditiis est officia vel in. Qui beatae perspiciatis possimus nemo. Quasi dolores aut optio.</p>\n\n<p>Ea dolores rerum atque aspernatur. Voluptatem eligendi error veniam alias eaque odio expedita. Voluptatem a ullam aut nesciunt ex est adipisci. Qui atque doloribus blanditiis eaque ut iusto.</p>\n','backgrounds/about-bg.jpg','Meta for Incidunt eum iste officia distinctio labore cupiditate ut est amet possimus.',0,'blog.layouts.post','2018-03-17 13:33:59','2018-03-17 13:33:59','2018-03-14 02:26:57'),(2,'fuga-magnam-blanditiis-cum-a','Fuga magnam blanditiis cum a.','Ut illo quo doloremque inventore modi iusto accusantium quidem doloremque rerum quia blanditiis hic ea nisi praesentium tempore doloribus dolore deserunt deleniti quaerat eveniet natus.','Optio sed dolor qui minus laudantium et voluptatem qui. Esse sit vel fuga enim unde aliquid recusandae. Non voluptatum voluptas ut nam ea necessitatibus.\n\nEius quia modi est tenetur saepe. Molestiae vel ut laborum officia quo quia eligendi ratione. Incidunt repudiandae voluptate animi nam dolorem. Molestiae fugiat qui cupiditate magnam ut rerum ipsum. Suscipit libero libero dicta ab.\n\nConsequatur aut exercitationem suscipit ducimus aut et. Consectetur dolores provident molestiae eveniet omnis qui. In a sint recusandae et. Iure sed est voluptatem impedit ut et assumenda. Molestias debitis dignissimos et.\n\nImpedit autem natus reprehenderit dolores ex. Fuga quis quia minus quidem et et qui incidunt. Eum amet alias tempora molestiae dignissimos. Odit maxime ipsam velit id.\n\nUnde cum quos est est. Sunt ratione ipsam vel.','<p>Optio sed dolor qui minus laudantium et voluptatem qui. Esse sit vel fuga enim unde aliquid recusandae. Non voluptatum voluptas ut nam ea necessitatibus.</p>\n\n<p>Eius quia modi est tenetur saepe. Molestiae vel ut laborum officia quo quia eligendi ratione. Incidunt repudiandae voluptate animi nam dolorem. Molestiae fugiat qui cupiditate magnam ut rerum ipsum. Suscipit libero libero dicta ab.</p>\n\n<p>Consequatur aut exercitationem suscipit ducimus aut et. Consectetur dolores provident molestiae eveniet omnis qui. In a sint recusandae et. Iure sed est voluptatem impedit ut et assumenda. Molestias debitis dignissimos et.</p>\n\n<p>Impedit autem natus reprehenderit dolores ex. Fuga quis quia minus quidem et et qui incidunt. Eum amet alias tempora molestiae dignissimos. Odit maxime ipsam velit id.</p>\n\n<p>Unde cum quos est est. Sunt ratione ipsam vel.</p>\n','backgrounds/contact-bg.jpg','Meta for Fuga magnam blanditiis cum a.',0,'blog.layouts.post','2018-03-17 13:33:59','2018-03-17 13:33:59','2018-02-23 07:08:00'),(3,'quae-ut-enim-et-rerum-quia-maxime','Quae ut enim et rerum quia maxime.','Quam deleniti qui totam fugiat voluptas quisquam consequatur laudantium maiores voluptatem eos et voluptas.','A voluptatem nobis vel eligendi consequatur ducimus veniam harum. Hic cumque ipsam quae commodi iusto id. Esse minus voluptate illum accusamus quia doloremque.\n\nFacilis eligendi ut soluta aut. Sed consequatur deserunt blanditiis aliquid esse sint. Ipsum saepe eos architecto ullam in quasi nisi. Qui architecto consequatur inventore ut ea voluptatem blanditiis nobis.\n\nDeserunt dolor consequuntur quo iure molestiae. Exercitationem dignissimos sint provident id natus enim. Commodi animi nostrum in culpa cumque. Pariatur consequatur libero quod eos quisquam aperiam odio.\n\nSaepe porro qui provident voluptatem rem. Harum maiores officia alias omnis qui architecto. Eum voluptatem enim explicabo est ut deleniti sint.\n\nAut nesciunt id et aperiam est dolores ipsam voluptatem. Perspiciatis ullam sapiente commodi dolor ea accusantium est. Ut hic libero omnis qui dolorem. Magni et cupiditate nobis dolore.\n\nTempora eum et deleniti facilis aut. Et nihil delectus est velit. Alias accusantium ut eius doloremque culpa. Quis expedita consequatur rem quidem.','<p>A voluptatem nobis vel eligendi consequatur ducimus veniam harum. Hic cumque ipsam quae commodi iusto id. Esse minus voluptate illum accusamus quia doloremque.</p>\n\n<p>Facilis eligendi ut soluta aut. Sed consequatur deserunt blanditiis aliquid esse sint. Ipsum saepe eos architecto ullam in quasi nisi. Qui architecto consequatur inventore ut ea voluptatem blanditiis nobis.</p>\n\n<p>Deserunt dolor consequuntur quo iure molestiae. Exercitationem dignissimos sint provident id natus enim. Commodi animi nostrum in culpa cumque. Pariatur consequatur libero quod eos quisquam aperiam odio.</p>\n\n<p>Saepe porro qui provident voluptatem rem. Harum maiores officia alias omnis qui architecto. Eum voluptatem enim explicabo est ut deleniti sint.</p>\n\n<p>Aut nesciunt id et aperiam est dolores ipsam voluptatem. Perspiciatis ullam sapiente commodi dolor ea accusantium est. Ut hic libero omnis qui dolorem. Magni et cupiditate nobis dolore.</p>\n\n<p>Tempora eum et deleniti facilis aut. Et nihil delectus est velit. Alias accusantium ut eius doloremque culpa. Quis expedita consequatur rem quidem.</p>\n','backgrounds/about-bg.jpg','Meta for Quae ut enim et rerum quia maxime.',0,'blog.layouts.post','2018-03-17 13:33:59','2018-03-17 13:33:59','2018-03-02 04:23:05'),(4,'consectetur-reiciendis-sit-sint-consequatur-sit-et-fuga-voluptas-animi-quae-non','Consectetur reiciendis sit sint consequatur sit et fuga voluptas animi quae non.','Repudiandae accusantium deserunt ut et voluptatum praesentium nobis et cum autem est nobis animi facilis amet in quia beatae aliquid autem est.','Quos dolores esse sint debitis. Fuga mollitia excepturi repellat harum sed. Nemo at rerum occaecati quos quidem doloribus. Quas ut perferendis cumque et enim ipsum dignissimos. Vel dicta quis quaerat culpa magnam dolorem.\n\nVoluptatem fugit excepturi rerum quam. At natus iusto ea tempora quo id.\n\nProvident sit et expedita autem aspernatur possimus autem. Reprehenderit ullam qui omnis delectus ducimus nulla. Et sunt pariatur iusto odit sit hic ipsum qui.\n\nDolores blanditiis aut aut. Perspiciatis unde repellendus voluptatem ullam. Nobis possimus laudantium accusantium quasi maxime.\n\nNam quo quis incidunt ratione accusantium doloribus. Culpa adipisci et autem sit aspernatur. Tempora nihil est commodi ullam officia iusto.','<p>Quos dolores esse sint debitis. Fuga mollitia excepturi repellat harum sed. Nemo at rerum occaecati quos quidem doloribus. Quas ut perferendis cumque et enim ipsum dignissimos. Vel dicta quis quaerat culpa magnam dolorem.</p>\n\n<p>Voluptatem fugit excepturi rerum quam. At natus iusto ea tempora quo id.</p>\n\n<p>Provident sit et expedita autem aspernatur possimus autem. Reprehenderit ullam qui omnis delectus ducimus nulla. Et sunt pariatur iusto odit sit hic ipsum qui.</p>\n\n<p>Dolores blanditiis aut aut. Perspiciatis unde repellendus voluptatem ullam. Nobis possimus laudantium accusantium quasi maxime.</p>\n\n<p>Nam quo quis incidunt ratione accusantium doloribus. Culpa adipisci et autem sit aspernatur. Tempora nihil est commodi ullam officia iusto.</p>\n','backgrounds/home-bg.jpg','Meta for Consectetur reiciendis sit sint consequatur sit et fuga voluptas animi quae non.',0,'blog.layouts.post','2018-03-17 13:33:59','2018-03-17 13:33:59','2018-03-08 01:21:08'),(5,'aliquid-vel-error-velit-illum-nobis-qui','Aliquid vel error velit illum nobis qui.','Beatae repellat nihil nulla eligendi voluptates laboriosam reiciendis mollitia ut minima nesciunt dicta reiciendis.','Quia sint fugit corrupti dolor fugit nam minima. Incidunt voluptates laborum porro illo hic. Voluptatibus ut fuga rerum mollitia sed praesentium.\n\nAut occaecati enim nostrum est recusandae et quas commodi. Possimus sequi ut modi magni explicabo quidem temporibus.\n\nAutem aspernatur molestiae ut et quos qui. Ea dolorem in voluptatem necessitatibus tempore id nobis. Eos eius qui officia ut qui.\n\nSint quod nesciunt error labore. Excepturi illum saepe tempore.\n\nAccusamus id quia corporis aperiam voluptas voluptatem. Dolor impedit et eum iste. Consequatur et temporibus molestiae labore accusantium id esse exercitationem.','<p>Quia sint fugit corrupti dolor fugit nam minima. Incidunt voluptates laborum porro illo hic. Voluptatibus ut fuga rerum mollitia sed praesentium.</p>\n\n<p>Aut occaecati enim nostrum est recusandae et quas commodi. Possimus sequi ut modi magni explicabo quidem temporibus.</p>\n\n<p>Autem aspernatur molestiae ut et quos qui. Ea dolorem in voluptatem necessitatibus tempore id nobis. Eos eius qui officia ut qui.</p>\n\n<p>Sint quod nesciunt error labore. Excepturi illum saepe tempore.</p>\n\n<p>Accusamus id quia corporis aperiam voluptas voluptatem. Dolor impedit et eum iste. Consequatur et temporibus molestiae labore accusantium id esse exercitationem.</p>\n','backgrounds/about-bg.jpg','Meta for Aliquid vel error velit illum nobis qui.',0,'blog.layouts.post','2018-03-17 13:33:59','2018-03-17 13:33:59','2018-02-20 10:53:37'),(6,'nobis-est-deleniti-est-unde','Nobis est deleniti est unde.','Excepturi voluptate quo ullam in dolorum laudantium excepturi sit qui odio omnis voluptatem dolorem.','Animi ducimus officiis nihil. Consequuntur consequuntur temporibus delectus quo. Iusto repellat rerum eos architecto porro libero.\n\nDicta aut voluptate labore asperiores. Debitis officia aperiam soluta necessitatibus error fuga reiciendis.\n\nHarum enim labore ipsum accusamus laudantium molestias non. Id accusantium eos enim.\n\nExpedita vitae aut quis. Accusantium assumenda et architecto placeat qui asperiores. Quaerat occaecati iure neque itaque sunt veritatis.','<p>Animi ducimus officiis nihil. Consequuntur consequuntur temporibus delectus quo. Iusto repellat rerum eos architecto porro libero.</p>\n\n<p>Dicta aut voluptate labore asperiores. Debitis officia aperiam soluta necessitatibus error fuga reiciendis.</p>\n\n<p>Harum enim labore ipsum accusamus laudantium molestias non. Id accusantium eos enim.</p>\n\n<p>Expedita vitae aut quis. Accusantium assumenda et architecto placeat qui asperiores. Quaerat occaecati iure neque itaque sunt veritatis.</p>\n','backgrounds/post-bg.jpg','Meta for Nobis est deleniti est unde.',0,'blog.layouts.post','2018-03-17 13:33:59','2018-03-17 13:33:59','2018-02-21 12:32:26'),(7,'aut-eos-nostrum-id-et-unde','Aut eos nostrum id et unde.','Praesentium illum velit et quos molestias consequatur maiores sed placeat quibusdam aut.','Aliquam ut quis saepe sed voluptas voluptatem. Consectetur earum quidem ut neque. Sit magnam rerum quae magni ex. Molestiae hic odio quod facere minus.\n\nQuia voluptate et alias accusantium dolorem. Debitis aut eum et molestias animi. Autem fugiat aspernatur voluptatem odit.\n\nReiciendis optio dicta tenetur rem earum. Dolorum sit repudiandae eveniet quia ut odit. Eum ea impedit deleniti iste perspiciatis eos in soluta. Quis nam voluptatem cumque.\n\nDolore illum quia harum at ipsa deleniti cum. Odio veniam ea totam voluptas laborum non. Eum dolore totam nesciunt est eaque. Non earum repellat non dolores dolorem aut repellat incidunt.','<p>Aliquam ut quis saepe sed voluptas voluptatem. Consectetur earum quidem ut neque. Sit magnam rerum quae magni ex. Molestiae hic odio quod facere minus.</p>\n\n<p>Quia voluptate et alias accusantium dolorem. Debitis aut eum et molestias animi. Autem fugiat aspernatur voluptatem odit.</p>\n\n<p>Reiciendis optio dicta tenetur rem earum. Dolorum sit repudiandae eveniet quia ut odit. Eum ea impedit deleniti iste perspiciatis eos in soluta. Quis nam voluptatem cumque.</p>\n\n<p>Dolore illum quia harum at ipsa deleniti cum. Odio veniam ea totam voluptas laborum non. Eum dolore totam nesciunt est eaque. Non earum repellat non dolores dolorem aut repellat incidunt.</p>\n','backgrounds/about-bg.jpg','Meta for Aut eos nostrum id et unde.',0,'blog.layouts.post','2018-03-17 13:33:59','2018-03-17 13:33:59','2018-03-08 16:34:38'),(8,'qui-vero-deleniti-consequatur','Qui vero deleniti consequatur.','Placeat repellendus quia quia quis ut consequatur qui ipsum consequatur.','Voluptates accusamus sint praesentium aliquid dolor excepturi possimus. Illo sint maxime quia nesciunt. Aut veritatis praesentium aspernatur nemo.\n\nQuod voluptates dolorem dolor rerum. Numquam ut ea est labore. Quae ipsam fuga animi odio.\n\nEius in aperiam impedit odit. Velit tempora ut ea sit quisquam totam. Neque placeat architecto id dolores veniam quod et a. Qui suscipit porro veniam aperiam unde.\n\nQuisquam dolor aut mollitia vitae modi quia. Dolore corporis fugiat illo quia vel itaque aut ad. Cupiditate nobis odit sunt commodi est.\n\nQuis illum ducimus quidem quam rerum. Sed dolorem amet consectetur modi doloribus. Saepe iusto sed harum quo dolores ut molestiae.','<p>Voluptates accusamus sint praesentium aliquid dolor excepturi possimus. Illo sint maxime quia nesciunt. Aut veritatis praesentium aspernatur nemo.</p>\n\n<p>Quod voluptates dolorem dolor rerum. Numquam ut ea est labore. Quae ipsam fuga animi odio.</p>\n\n<p>Eius in aperiam impedit odit. Velit tempora ut ea sit quisquam totam. Neque placeat architecto id dolores veniam quod et a. Qui suscipit porro veniam aperiam unde.</p>\n\n<p>Quisquam dolor aut mollitia vitae modi quia. Dolore corporis fugiat illo quia vel itaque aut ad. Cupiditate nobis odit sunt commodi est.</p>\n\n<p>Quis illum ducimus quidem quam rerum. Sed dolorem amet consectetur modi doloribus. Saepe iusto sed harum quo dolores ut molestiae.</p>\n','backgrounds/about-bg.jpg','Meta for Qui vero deleniti consequatur.',0,'blog.layouts.post','2018-03-17 13:33:59','2018-03-17 13:33:59','2018-03-16 03:55:19'),(9,'expedita-eligendi-non-asperiores-ut-dicta-aperiam','Expedita eligendi non asperiores ut dicta aperiam.','Non est et laborum fuga beatae ut neque quo quos pariatur debitis qui hic.','Eaque incidunt sequi ea voluptatem. Eius velit neque omnis rerum. Reiciendis ab eligendi at dicta accusantium beatae sint. Illo est quidem eum enim unde perferendis.\n\nDebitis laborum perspiciatis harum vitae. Asperiores quidem quasi et laudantium.\n\nConsectetur voluptatum est impedit. Mollitia autem deleniti quibusdam ut. Cumque cumque cum consequatur deleniti. Quis quasi ut doloremque illo.\n\nReprehenderit ea voluptate aspernatur illum rerum rem necessitatibus. Harum architecto earum odit. Maiores libero reiciendis consequatur corrupti a corrupti officia. Assumenda deleniti quisquam earum accusantium occaecati labore qui.','<p>Eaque incidunt sequi ea voluptatem. Eius velit neque omnis rerum. Reiciendis ab eligendi at dicta accusantium beatae sint. Illo est quidem eum enim unde perferendis.</p>\n\n<p>Debitis laborum perspiciatis harum vitae. Asperiores quidem quasi et laudantium.</p>\n\n<p>Consectetur voluptatum est impedit. Mollitia autem deleniti quibusdam ut. Cumque cumque cum consequatur deleniti. Quis quasi ut doloremque illo.</p>\n\n<p>Reprehenderit ea voluptate aspernatur illum rerum rem necessitatibus. Harum architecto earum odit. Maiores libero reiciendis consequatur corrupti a corrupti officia. Assumenda deleniti quisquam earum accusantium occaecati labore qui.</p>\n','backgrounds/contact-bg.jpg','Meta for Expedita eligendi non asperiores ut dicta aperiam.',0,'blog.layouts.post','2018-03-17 13:33:59','2018-03-17 13:33:59','2018-02-21 06:03:13'),(10,'nihil-dolor-vel-qui-aut-molestiae-quia-provident-sequi-magnam-provident-temporibus-ea','Nihil dolor vel qui aut molestiae quia provident sequi magnam provident temporibus ea.','Quia vero rem aliquam voluptas numquam cupiditate error sit voluptatibus porro iure earum.','Reprehenderit ratione aut animi sit. Alias laboriosam neque esse sed repudiandae ex pariatur. Cupiditate expedita voluptas aut aut aut tenetur. Enim neque nesciunt pariatur et aspernatur quibusdam. Consequuntur itaque natus et nam sunt cumque quidem.\n\nDicta veritatis accusamus non ut qui quaerat. Nihil dolor at adipisci voluptates cumque ut voluptates quam. Dolore cum quia fuga incidunt.\n\nAccusantium corporis dicta quis beatae explicabo quibusdam et facere. Fugiat iste eos omnis quam laborum neque rerum corrupti. Cupiditate maxime voluptas ipsum facilis dolores quidem omnis. Sunt et unde velit eius earum. Error officiis dolorem saepe ipsam.\n\nEnim iste autem nam sunt et. Eligendi perspiciatis qui magnam est adipisci dolores quis. Qui nam quae voluptatibus ut. Aut omnis possimus porro quas.\n\nEt est qui doloremque nihil voluptas. Sit dolores error earum cupiditate distinctio. Ab suscipit ullam animi consequatur culpa. Saepe inventore omnis dolor esse error corrupti.\n\nMolestiae laudantium voluptatem eveniet aut dicta et quia. Eaque eos voluptatum numquam dolorum rerum illum. At eos eum suscipit eius quae aperiam a.','<p>Reprehenderit ratione aut animi sit. Alias laboriosam neque esse sed repudiandae ex pariatur. Cupiditate expedita voluptas aut aut aut tenetur. Enim neque nesciunt pariatur et aspernatur quibusdam. Consequuntur itaque natus et nam sunt cumque quidem.</p>\n\n<p>Dicta veritatis accusamus non ut qui quaerat. Nihil dolor at adipisci voluptates cumque ut voluptates quam. Dolore cum quia fuga incidunt.</p>\n\n<p>Accusantium corporis dicta quis beatae explicabo quibusdam et facere. Fugiat iste eos omnis quam laborum neque rerum corrupti. Cupiditate maxime voluptas ipsum facilis dolores quidem omnis. Sunt et unde velit eius earum. Error officiis dolorem saepe ipsam.</p>\n\n<p>Enim iste autem nam sunt et. Eligendi perspiciatis qui magnam est adipisci dolores quis. Qui nam quae voluptatibus ut. Aut omnis possimus porro quas.</p>\n\n<p>Et est qui doloremque nihil voluptas. Sit dolores error earum cupiditate distinctio. Ab suscipit ullam animi consequatur culpa. Saepe inventore omnis dolor esse error corrupti.</p>\n\n<p>Molestiae laudantium voluptatem eveniet aut dicta et quia. Eaque eos voluptatum numquam dolorum rerum illum. At eos eum suscipit eius quae aperiam a.</p>\n','backgrounds/home-bg.jpg','Meta for Nihil dolor vel qui aut molestiae quia provident sequi magnam provident temporibus ea.',0,'blog.layouts.post','2018-03-17 13:33:59','2018-03-17 13:33:59','2018-02-20 14:29:08'),(11,'et-aut','Et aut.','Enim praesentium aut numquam aperiam impedit est enim quia consequuntur voluptas in rerum amet quidem dolorum tempora aperiam quis aut sunt cumque.','Unde pariatur ex neque non repudiandae eos. Minus voluptas neque vero sapiente ut. Eum beatae dolorem non quasi aspernatur eos.\n\nConsequatur eum adipisci libero aut aperiam dolorem. Excepturi voluptatem et voluptatem nemo aliquam. Porro et est sunt autem dolore dolorem.\n\nTenetur natus accusamus et et quia veritatis. Quidem in saepe voluptas quis veritatis aut. Eos voluptatem velit est ratione est expedita.\n\nSunt dolorem reiciendis sapiente maxime laboriosam aut ipsam. Vitae quibusdam ea reiciendis atque sed aut. Iusto laudantium eum recusandae qui non quod.\n\nSoluta exercitationem ut est maiores ex labore dicta. Vel et eum aut veniam voluptas quis laudantium. Vero voluptatem hic quia quis mollitia. Eius totam voluptatem rerum esse dolorem dolore non.','<p>Unde pariatur ex neque non repudiandae eos. Minus voluptas neque vero sapiente ut. Eum beatae dolorem non quasi aspernatur eos.</p>\n\n<p>Consequatur eum adipisci libero aut aperiam dolorem. Excepturi voluptatem et voluptatem nemo aliquam. Porro et est sunt autem dolore dolorem.</p>\n\n<p>Tenetur natus accusamus et et quia veritatis. Quidem in saepe voluptas quis veritatis aut. Eos voluptatem velit est ratione est expedita.</p>\n\n<p>Sunt dolorem reiciendis sapiente maxime laboriosam aut ipsam. Vitae quibusdam ea reiciendis atque sed aut. Iusto laudantium eum recusandae qui non quod.</p>\n\n<p>Soluta exercitationem ut est maiores ex labore dicta. Vel et eum aut veniam voluptas quis laudantium. Vero voluptatem hic quia quis mollitia. Eius totam voluptatem rerum esse dolorem dolore non.</p>\n','backgrounds/post-bg.jpg','Meta for Et aut.',0,'blog.layouts.post','2018-03-17 13:33:59','2018-03-17 13:33:59','2018-03-18 19:34:01'),(12,'omnis-modi-assumenda-est-ad-accusamus-delectus','Omnis modi assumenda est ad accusamus delectus.','Cupiditate in totam non enim molestiae consequatur voluptas at qui ut doloribus consequatur.','Et repudiandae reprehenderit corporis sequi earum sint. Sit laborum quasi labore recusandae qui rerum consequatur. Culpa quia similique omnis eos pariatur minus odio.\n\nSed eum rerum numquam. Dolor doloribus laborum sequi cupiditate. Ea harum molestias vero vel quia. Beatae aut libero earum aut.\n\nOfficia enim dolorem qui dolorum. Rerum optio praesentium quisquam quis cum id provident. Non sit alias blanditiis pariatur eligendi. Tempora doloremque quas laudantium dolores ut blanditiis.\n\nMaxime hic est corrupti nostrum harum sint. Minus omnis quisquam ipsam dolores omnis quod natus quaerat. Cumque est delectus dolorem tenetur.\n\nReiciendis odit ratione porro inventore blanditiis consequuntur quaerat. Officia sed non saepe consectetur ipsam recusandae autem placeat.','<p>Et repudiandae reprehenderit corporis sequi earum sint. Sit laborum quasi labore recusandae qui rerum consequatur. Culpa quia similique omnis eos pariatur minus odio.</p>\n\n<p>Sed eum rerum numquam. Dolor doloribus laborum sequi cupiditate. Ea harum molestias vero vel quia. Beatae aut libero earum aut.</p>\n\n<p>Officia enim dolorem qui dolorum. Rerum optio praesentium quisquam quis cum id provident. Non sit alias blanditiis pariatur eligendi. Tempora doloremque quas laudantium dolores ut blanditiis.</p>\n\n<p>Maxime hic est corrupti nostrum harum sint. Minus omnis quisquam ipsam dolores omnis quod natus quaerat. Cumque est delectus dolorem tenetur.</p>\n\n<p>Reiciendis odit ratione porro inventore blanditiis consequuntur quaerat. Officia sed non saepe consectetur ipsam recusandae autem placeat.</p>\n','backgrounds/home-bg.jpg','Meta for Omnis modi assumenda est ad accusamus delectus.',0,'blog.layouts.post','2018-03-17 13:33:59','2018-03-17 13:33:59','2018-02-20 21:10:12'),(13,'et-omnis-soluta','Et omnis soluta.','Assumenda illum enim eligendi dolor omnis culpa illo iusto sed praesentium nihil rem nihil delectus totam possimus corrupti magnam sit.','Sed qui eius nihil quas. Iusto non vero quia quidem cupiditate amet. Nemo voluptate tempora soluta illo illo possimus. Perspiciatis corrupti pariatur in sunt dolorem quo.\n\nLaboriosam tempore quas et. Ratione facilis aspernatur nostrum nesciunt.\n\nUt alias omnis dolor asperiores suscipit alias. Tempore dolores sequi perspiciatis adipisci. Dolorem quibusdam voluptatem aut beatae omnis architecto adipisci impedit.\n\nQuod laboriosam amet repellat cum. Voluptatibus est quod expedita quis. Voluptatem et odit sed dignissimos error sapiente. Sed et placeat quia culpa recusandae ea.','<p>Sed qui eius nihil quas. Iusto non vero quia quidem cupiditate amet. Nemo voluptate tempora soluta illo illo possimus. Perspiciatis corrupti pariatur in sunt dolorem quo.</p>\n\n<p>Laboriosam tempore quas et. Ratione facilis aspernatur nostrum nesciunt.</p>\n\n<p>Ut alias omnis dolor asperiores suscipit alias. Tempore dolores sequi perspiciatis adipisci. Dolorem quibusdam voluptatem aut beatae omnis architecto adipisci impedit.</p>\n\n<p>Quod laboriosam amet repellat cum. Voluptatibus est quod expedita quis. Voluptatem et odit sed dignissimos error sapiente. Sed et placeat quia culpa recusandae ea.</p>\n','backgrounds/home-bg.jpg','Meta for Et omnis soluta.',0,'blog.layouts.post','2018-03-17 13:33:59','2018-03-17 13:33:59','2018-03-11 02:57:30'),(14,'aut-quisquam-dolorem-id-consequatur-temporibus-dolorem-adipisci-ab-doloribus','Aut quisquam dolorem id consequatur temporibus dolorem adipisci ab doloribus.','Maiores repellendus pariatur ratione minus dolor sit dolor quia sit ut autem quia.','Quia sed et nesciunt officia. Doloremque reiciendis modi id numquam quod qui veniam. Sit fugit accusantium et officiis et ipsa.\n\nCorporis architecto libero enim est enim earum dolorum. Deleniti voluptatem soluta excepturi molestiae aut architecto. Vel ut et blanditiis corporis. Similique quis sed reprehenderit omnis qui consectetur rerum.\n\nAlias dolorum laudantium maxime vel consectetur et provident. Exercitationem voluptas omnis ut tenetur est. Odio aut voluptas tempore iure tenetur. Inventore sunt et saepe ducimus. Quae est rerum est repellendus inventore.\n\nNulla voluptatem et quia pariatur eum illo amet. Commodi suscipit nihil ex deserunt reprehenderit tempora vel. Sunt aut sapiente a et ea. Rem quas molestiae dignissimos nam error minus.','<p>Quia sed et nesciunt officia. Doloremque reiciendis modi id numquam quod qui veniam. Sit fugit accusantium et officiis et ipsa.</p>\n\n<p>Corporis architecto libero enim est enim earum dolorum. Deleniti voluptatem soluta excepturi molestiae aut architecto. Vel ut et blanditiis corporis. Similique quis sed reprehenderit omnis qui consectetur rerum.</p>\n\n<p>Alias dolorum laudantium maxime vel consectetur et provident. Exercitationem voluptas omnis ut tenetur est. Odio aut voluptas tempore iure tenetur. Inventore sunt et saepe ducimus. Quae est rerum est repellendus inventore.</p>\n\n<p>Nulla voluptatem et quia pariatur eum illo amet. Commodi suscipit nihil ex deserunt reprehenderit tempora vel. Sunt aut sapiente a et ea. Rem quas molestiae dignissimos nam error minus.</p>\n','backgrounds/home-bg.jpg','Meta for Aut quisquam dolorem id consequatur temporibus dolorem adipisci ab doloribus.',0,'blog.layouts.post','2018-03-17 13:33:59','2018-03-17 13:33:59','2018-02-27 05:45:15'),(15,'voluptatem-laudantium-eum-sint-sequi-doloribus-molestiae-suscipit-aperiam-quam','Voluptatem laudantium eum sint sequi doloribus molestiae suscipit aperiam quam.','Enim odio quibusdam in laboriosam facere deleniti quam.','Aut aspernatur voluptatum minus reprehenderit sit dolores pariatur. Iure pariatur sunt accusamus voluptas. Consequatur corrupti ut aut et est. Voluptatem quae eos quo qui autem.\n\nSed vero magni quibusdam quaerat. Dignissimos quis dolore similique voluptatem eos voluptatibus. Libero rem non amet sit saepe neque fuga. Et delectus nemo laborum impedit aperiam natus.\n\nConsectetur minima qui quia voluptatibus quae unde earum quo. Qui omnis ut facilis cum itaque vero. Quisquam nostrum dicta enim modi eligendi. Vero debitis neque dicta nam commodi facere alias.\n\nAnimi suscipit magni praesentium ut culpa quia quis. Debitis dolorem explicabo nemo non voluptatum ut quos. Vitae voluptas temporibus est nam ut. Eius beatae corporis velit consequuntur unde ut quae molestiae. Sunt magni harum accusamus enim ipsum recusandae id.\n\nMaiores consectetur explicabo tenetur ipsam debitis. Sunt minus et maxime vitae aut. Modi quis non doloribus est ad beatae ut nihil.\n\nConsequatur eius ab vitae et. Odit consequatur alias et magni amet ab tenetur. Ea repellendus voluptas vel corporis aliquam. Soluta porro qui reiciendis sit ipsum occaecati. Veniam at ea vel.','<p>Aut aspernatur voluptatum minus reprehenderit sit dolores pariatur. Iure pariatur sunt accusamus voluptas. Consequatur corrupti ut aut et est. Voluptatem quae eos quo qui autem.</p>\n\n<p>Sed vero magni quibusdam quaerat. Dignissimos quis dolore similique voluptatem eos voluptatibus. Libero rem non amet sit saepe neque fuga. Et delectus nemo laborum impedit aperiam natus.</p>\n\n<p>Consectetur minima qui quia voluptatibus quae unde earum quo. Qui omnis ut facilis cum itaque vero. Quisquam nostrum dicta enim modi eligendi. Vero debitis neque dicta nam commodi facere alias.</p>\n\n<p>Animi suscipit magni praesentium ut culpa quia quis. Debitis dolorem explicabo nemo non voluptatum ut quos. Vitae voluptas temporibus est nam ut. Eius beatae corporis velit consequuntur unde ut quae molestiae. Sunt magni harum accusamus enim ipsum recusandae id.</p>\n\n<p>Maiores consectetur explicabo tenetur ipsam debitis. Sunt minus et maxime vitae aut. Modi quis non doloribus est ad beatae ut nihil.</p>\n\n<p>Consequatur eius ab vitae et. Odit consequatur alias et magni amet ab tenetur. Ea repellendus voluptas vel corporis aliquam. Soluta porro qui reiciendis sit ipsum occaecati. Veniam at ea vel.</p>\n','backgrounds/post-bg.jpg','Meta for Voluptatem laudantium eum sint sequi doloribus molestiae suscipit aperiam quam.',0,'blog.layouts.post','2018-03-17 13:33:59','2018-03-17 13:33:59','2018-03-18 01:09:12'),(16,'non-suscipit-aut-aliquam-vel-sed-enim-nulla-id-rerum','Non suscipit aut aliquam vel sed enim nulla id rerum.','In repellat omnis placeat voluptatem rerum et temporibus non optio aut ipsa et.','Sed dolorem necessitatibus delectus nisi debitis voluptates omnis necessitatibus. Nulla sed nulla tempore. Totam dolores temporibus at.\n\nEt non odio commodi saepe. Doloremque omnis earum quae natus sunt dolorem quos repellendus. Tempore ipsum consectetur dolorem porro est. Consequuntur veniam esse distinctio.\n\nAut deserunt asperiores sit id ducimus ut voluptates. Et sit qui itaque ratione sit repudiandae culpa. Est quasi dolorum error quaerat architecto aut.\n\nIpsa natus at modi repudiandae qui sunt est. Quos distinctio quod nemo provident. Excepturi atque rem accusamus et qui tenetur.\n\nQuibusdam qui architecto repellendus consequatur. Esse earum fugiat ad voluptas alias quia. Et nam reprehenderit voluptatibus non sit commodi. Est recusandae sequi occaecati neque consectetur doloribus sapiente.\n\nVoluptatem magni necessitatibus ab. Sint impedit non commodi incidunt ipsam quaerat et eum. Voluptas nemo aliquam distinctio omnis qui.','<p>Sed dolorem necessitatibus delectus nisi debitis voluptates omnis necessitatibus. Nulla sed nulla tempore. Totam dolores temporibus at.</p>\n\n<p>Et non odio commodi saepe. Doloremque omnis earum quae natus sunt dolorem quos repellendus. Tempore ipsum consectetur dolorem porro est. Consequuntur veniam esse distinctio.</p>\n\n<p>Aut deserunt asperiores sit id ducimus ut voluptates. Et sit qui itaque ratione sit repudiandae culpa. Est quasi dolorum error quaerat architecto aut.</p>\n\n<p>Ipsa natus at modi repudiandae qui sunt est. Quos distinctio quod nemo provident. Excepturi atque rem accusamus et qui tenetur.</p>\n\n<p>Quibusdam qui architecto repellendus consequatur. Esse earum fugiat ad voluptas alias quia. Et nam reprehenderit voluptatibus non sit commodi. Est recusandae sequi occaecati neque consectetur doloribus sapiente.</p>\n\n<p>Voluptatem magni necessitatibus ab. Sint impedit non commodi incidunt ipsam quaerat et eum. Voluptas nemo aliquam distinctio omnis qui.</p>\n','backgrounds/contact-bg.jpg','Meta for Non suscipit aut aliquam vel sed enim nulla id rerum.',0,'blog.layouts.post','2018-03-17 13:33:59','2018-03-17 13:33:59','2018-03-07 22:07:28'),(17,'atque-consequatur-quibusdam-rem-nisi','Atque consequatur quibusdam rem nisi.','Ipsam ad voluptates et repellendus maiores explicabo suscipit quidem quia consequatur facere ipsam qui excepturi.','Maiores ut quia dolorum. Rerum perspiciatis id id veniam. Vero ab nam et rerum alias ut omnis nesciunt. Ducimus occaecati sit voluptates asperiores dolores.\n\nNihil consequuntur eum eum quibusdam et repellat. Ducimus enim corporis et ex et. Corrupti omnis fugit dignissimos consequatur.\n\nQui dolorem est qui et et. Id autem ut asperiores ratione tempora.','<p>Maiores ut quia dolorum. Rerum perspiciatis id id veniam. Vero ab nam et rerum alias ut omnis nesciunt. Ducimus occaecati sit voluptates asperiores dolores.</p>\n\n<p>Nihil consequuntur eum eum quibusdam et repellat. Ducimus enim corporis et ex et. Corrupti omnis fugit dignissimos consequatur.</p>\n\n<p>Qui dolorem est qui et et. Id autem ut asperiores ratione tempora.</p>\n','backgrounds/contact-bg.jpg','Meta for Atque consequatur quibusdam rem nisi.',0,'blog.layouts.post','2018-03-17 13:33:59','2018-03-17 13:33:59','2018-03-18 22:29:23'),(18,'omnis-molestiae-quia-voluptates-nihil-et-est-sit-et','Omnis molestiae quia voluptates nihil et est sit et.','Qui autem voluptate ab ut modi ipsam.','Id sit iste reiciendis. Eaque voluptates nam labore enim. Distinctio inventore et laborum ullam eum. Dolor ad quaerat sequi ex aperiam porro.\n\nQuia totam velit cumque ut eligendi. Neque voluptas repudiandae quia fugiat ut qui. Rerum est perspiciatis provident.\n\nEa odio officiis expedita. Eveniet itaque et est illo libero. Consequatur perspiciatis beatae et voluptatem ut.\n\nNon sint quia eveniet consectetur aut aut ex. Voluptatum delectus magni voluptate quisquam. Et explicabo sed laudantium et placeat vitae. Similique eum magni quisquam voluptatibus mollitia possimus.\n\nEst molestiae quaerat voluptatibus ipsam hic ut voluptate. Maxime qui dolor similique ex quia facilis. Distinctio molestias iusto reiciendis qui ad animi saepe. Et assumenda et modi expedita laboriosam ut.\n\nUt expedita inventore ut sit dolorum nobis. Fugit assumenda aliquam cumque sequi nemo aperiam voluptatem. Doloremque dolor possimus earum facere non. Dolor ducimus nisi nemo est dolores distinctio tenetur qui.','<p>Id sit iste reiciendis. Eaque voluptates nam labore enim. Distinctio inventore et laborum ullam eum. Dolor ad quaerat sequi ex aperiam porro.</p>\n\n<p>Quia totam velit cumque ut eligendi. Neque voluptas repudiandae quia fugiat ut qui. Rerum est perspiciatis provident.</p>\n\n<p>Ea odio officiis expedita. Eveniet itaque et est illo libero. Consequatur perspiciatis beatae et voluptatem ut.</p>\n\n<p>Non sint quia eveniet consectetur aut aut ex. Voluptatum delectus magni voluptate quisquam. Et explicabo sed laudantium et placeat vitae. Similique eum magni quisquam voluptatibus mollitia possimus.</p>\n\n<p>Est molestiae quaerat voluptatibus ipsam hic ut voluptate. Maxime qui dolor similique ex quia facilis. Distinctio molestias iusto reiciendis qui ad animi saepe. Et assumenda et modi expedita laboriosam ut.</p>\n\n<p>Ut expedita inventore ut sit dolorum nobis. Fugit assumenda aliquam cumque sequi nemo aperiam voluptatem. Doloremque dolor possimus earum facere non. Dolor ducimus nisi nemo est dolores distinctio tenetur qui.</p>\n','backgrounds/about-bg.jpg','Meta for Omnis molestiae quia voluptates nihil et est sit et.',0,'blog.layouts.post','2018-03-17 13:33:59','2018-03-17 13:33:59','2018-03-20 01:10:35'),(19,'consequuntur-consequatur-reprehenderit-fugit-adipisci-assumenda-expedita','Consequuntur consequatur reprehenderit fugit adipisci assumenda expedita.','Velit aliquam unde laudantium ipsum vel ut atque dignissimos mollitia fugiat est pariatur.','Quis delectus deserunt inventore consequatur consequatur totam. Quis in omnis error quos exercitationem. Omnis eos distinctio ea rem sunt dolorum.\n\nQui quidem facilis iusto consequatur quo ea. Occaecati minus aliquam necessitatibus est. Ut cumque sed consequatur similique laboriosam nam nisi. Sapiente et mollitia temporibus saepe in.\n\nIpsa hic sapiente iure nulla minima veritatis. Voluptatibus dolores consequuntur voluptas blanditiis numquam. Rem et et est. Ea fugit enim molestiae quia.\n\nOdit eligendi sapiente eius architecto ut. Dolor quisquam pariatur nihil molestiae ut provident veniam. Aut velit quasi culpa et dicta error quidem. Vitae et repellendus consectetur et laborum.\n\nFugit possimus animi labore amet facilis voluptas aspernatur. Nemo aperiam voluptatem ad culpa eum. Labore ad ipsum quod impedit voluptatem.','<p>Quis delectus deserunt inventore consequatur consequatur totam. Quis in omnis error quos exercitationem. Omnis eos distinctio ea rem sunt dolorum.</p>\n\n<p>Qui quidem facilis iusto consequatur quo ea. Occaecati minus aliquam necessitatibus est. Ut cumque sed consequatur similique laboriosam nam nisi. Sapiente et mollitia temporibus saepe in.</p>\n\n<p>Ipsa hic sapiente iure nulla minima veritatis. Voluptatibus dolores consequuntur voluptas blanditiis numquam. Rem et et est. Ea fugit enim molestiae quia.</p>\n\n<p>Odit eligendi sapiente eius architecto ut. Dolor quisquam pariatur nihil molestiae ut provident veniam. Aut velit quasi culpa et dicta error quidem. Vitae et repellendus consectetur et laborum.</p>\n\n<p>Fugit possimus animi labore amet facilis voluptas aspernatur. Nemo aperiam voluptatem ad culpa eum. Labore ad ipsum quod impedit voluptatem.</p>\n','backgrounds/home-bg.jpg','Meta for Consequuntur consequatur reprehenderit fugit adipisci assumenda expedita.',0,'blog.layouts.post','2018-03-17 13:33:59','2018-03-17 13:33:59','2018-03-12 03:57:48'),(20,'ipsam-et-ut-odit-sequi-iusto-voluptatum-voluptates-illum-necessitatibus-est','Ipsam et ut odit sequi iusto voluptatum voluptates illum necessitatibus est.','Ipsum quam blanditiis sequi minima voluptates culpa labore sed repellat nisi debitis architecto.','Commodi harum dolore aut doloremque quis reprehenderit. Fugiat unde laudantium quasi culpa deleniti est minima ut. Voluptas voluptatem qui sed eos autem.\n\nQuia et ipsum voluptatem voluptas aperiam consequatur non. Labore aut quia harum alias ut fugit exercitationem. Corrupti ea eaque nemo illo deserunt impedit.\n\nLaboriosam maiores id vel quae qui aut aliquam quod. Voluptas velit accusamus aliquam quasi repellat. Voluptates provident repudiandae soluta tempora saepe officia perspiciatis.\n\nNam maxime quidem explicabo. Adipisci et et nihil. Dolorum vero aliquam quidem iure. Magnam consequuntur dolores aspernatur.','<p>Commodi harum dolore aut doloremque quis reprehenderit. Fugiat unde laudantium quasi culpa deleniti est minima ut. Voluptas voluptatem qui sed eos autem.</p>\n\n<p>Quia et ipsum voluptatem voluptas aperiam consequatur non. Labore aut quia harum alias ut fugit exercitationem. Corrupti ea eaque nemo illo deserunt impedit.</p>\n\n<p>Laboriosam maiores id vel quae qui aut aliquam quod. Voluptas velit accusamus aliquam quasi repellat. Voluptates provident repudiandae soluta tempora saepe officia perspiciatis.</p>\n\n<p>Nam maxime quidem explicabo. Adipisci et et nihil. Dolorum vero aliquam quidem iure. Magnam consequuntur dolores aspernatur.</p>\n','backgrounds/contact-bg.jpg','Meta for Ipsam et ut odit sequi iusto voluptatum voluptates illum necessitatibus est.',0,'blog.layouts.post','2018-03-17 13:33:59','2018-03-17 13:33:59','2018-02-23 19:19:49');
/*!40000 ALTER TABLE `posts` ENABLE KEYS */;
UNLOCK TABLES;

--
-- Table structure for table `tags`
--

DROP TABLE IF EXISTS `tags`;
/*!40101 SET @saved_cs_client     = @@character_set_client */;
/*!40101 SET character_set_client = utf8 */;
CREATE TABLE `tags` (
  `id` int(10) unsigned NOT NULL AUTO_INCREMENT,
  `tag` varchar(255) COLLATE utf8_unicode_ci NOT NULL,
  `title` varchar(255) COLLATE utf8_unicode_ci NOT NULL,
  `subtitle` varchar(255) COLLATE utf8_unicode_ci NOT NULL,
  `page_image` varchar(255) COLLATE utf8_unicode_ci NOT NULL,
  `meta_description` varchar(255) COLLATE utf8_unicode_ci NOT NULL,
  `layout` varchar(255) COLLATE utf8_unicode_ci NOT NULL DEFAULT 'blog.layouts.index',
  `reverse_direction` tinyint(1) NOT NULL,
  `created_at` timestamp NOT NULL DEFAULT '0000-00-00 00:00:00',
  `updated_at` timestamp NOT NULL DEFAULT '0000-00-00 00:00:00',
  PRIMARY KEY (`id`),
  UNIQUE KEY `tags_tag_unique` (`tag`)
) ENGINE=InnoDB AUTO_INCREMENT=6 DEFAULT CHARSET=utf8 COLLATE=utf8_unicode_ci;
/*!40101 SET character_set_client = @saved_cs_client */;

--
-- Dumping data for table `tags`
--

LOCK TABLES `tags` WRITE;
/*!40000 ALTER TABLE `tags` DISABLE KEYS */;
INSERT INTO `tags` VALUES (1,'itaque','Itaque','Debitis quisquam et rerum sed labore quos.','backgrounds/post-bg.jpg','Meta for itaque','blog.layouts.index',0,'2018-03-17 13:33:59','2018-03-17 13:33:59'),(2,'libero','Libero','Omnis voluptas iusto animi earum ab nobis.','backgrounds/post-bg.jpg','Meta for libero','blog.layouts.index',0,'2018-03-17 13:33:59','2018-03-17 13:33:59'),(3,'rem','Rem','Omnis fugiat eaque deserunt sit ex.','backgrounds/home-bg.jpg','Meta for rem','blog.layouts.index',0,'2018-03-17 13:33:59','2018-03-17 13:33:59'),(4,'quo','Quo','Rerum inventore hic libero voluptates impedit veniam.','backgrounds/home-bg.jpg','Meta for quo','blog.layouts.index',0,'2018-03-17 13:33:59','2018-03-17 13:33:59'),(5,'eius','Eius','Qui aspernatur ea sit tempora totam omnis.','backgrounds/post-bg.jpg','Meta for eius','blog.layouts.index',0,'2018-03-17 13:33:59','2018-03-17 13:33:59');
/*!40000 ALTER TABLE `tags` ENABLE KEYS */;
UNLOCK TABLES;

--
-- Table structure for table `users`
--

DROP TABLE IF EXISTS `users`;
/*!40101 SET @saved_cs_client     = @@character_set_client */;
/*!40101 SET character_set_client = utf8 */;
CREATE TABLE `users` (
  `id` int(10) unsigned NOT NULL AUTO_INCREMENT,
  `name` varchar(255) COLLATE utf8_unicode_ci NOT NULL,
  `email` varchar(255) COLLATE utf8_unicode_ci NOT NULL,
  `password` varchar(60) COLLATE utf8_unicode_ci NOT NULL,
  `remember_token` varchar(100) COLLATE utf8_unicode_ci DEFAULT NULL,
  `created_at` timestamp NOT NULL DEFAULT '0000-00-00 00:00:00',
  `updated_at` timestamp NOT NULL DEFAULT '0000-00-00 00:00:00',
  PRIMARY KEY (`id`),
  UNIQUE KEY `users_email_unique` (`email`)
) ENGINE=InnoDB AUTO_INCREMENT=2 DEFAULT CHARSET=utf8 COLLATE=utf8_unicode_ci;
/*!40101 SET character_set_client = @saved_cs_client */;

--
-- Dumping data for table `users`
--

LOCK TABLES `users` WRITE;
/*!40000 ALTER TABLE `users` DISABLE KEYS */;
INSERT INTO `users` VALUES (1,'helal','helal@gmail.com','$2y$10$oSqV.co3hDa46pp9m9DXke5KOVwsBi9MS87BiirA9rWy1cTZ7fstu','K7eB1K9rmWZqetDPR0EqThns6RXd7gCnb8791RlSeZ7QYmxjNpq2vJIAUZvz','2018-03-17 13:37:04','2018-03-17 13:51:35');
/*!40000 ALTER TABLE `users` ENABLE KEYS */;
UNLOCK TABLES;
/*!40103 SET TIME_ZONE=@OLD_TIME_ZONE */;

/*!40101 SET SQL_MODE=@OLD_SQL_MODE */;
/*!40014 SET FOREIGN_KEY_CHECKS=@OLD_FOREIGN_KEY_CHECKS */;
/*!40014 SET UNIQUE_CHECKS=@OLD_UNIQUE_CHECKS */;
/*!40101 SET CHARACTER_SET_CLIENT=@OLD_CHARACTER_SET_CLIENT */;
/*!40101 SET CHARACTER_SET_RESULTS=@OLD_CHARACTER_SET_RESULTS */;
/*!40101 SET COLLATION_CONNECTION=@OLD_COLLATION_CONNECTION */;
/*!40111 SET SQL_NOTES=@OLD_SQL_NOTES */;

-- Dump completed on 2018-03-18  1:52:33
